{"cameraMode":{"drawMode":0,"name":"Shaded","section":"Shading Mode"},"sceneLighting":false,"audioPlay":false,"sceneViewState":{"showFog":true,"showMaterialUpdate":false,"showSkybox":false,"showFlares":true,"showImageEffects":true,"showParticleSystems":true},"in2DMode":false,"pivot":{"x":17.39057159423828,"y":1.013818383216858,"z":0.004124879837036133},"rotation":{"x":-0.01497320830821991,"y":0.4199925661087036,"z":0.006930668838322163,"w":0.9073776602745056},"size":6.935567855834961,"orthographic":false}